{"1": 0.0009530064132478502, "2": 1.0888937371969223, "3": 0.04527790109316508, "4": 0.187828186750412}