{"1": 0.006095202035374111, "2": 1.091348196135627, "3": 0.046773389114273915, "4": 0.18934939304987589, "123": 0.12290688508086735, "7": 0.036992515524228414}